<?xml version="1.0" encoding="UTF-8"?>
<sltp_editor version="1.1" packageUris="http://schema.mathworks.com/mf0/DiagramEditor/R2019a_20181107 http://schema.mathworks.com/mf0/SltpSyntax/R2022b_202203181006">
  <sltp.mm.syntax.Context type="sltp.mm.syntax.Context" uuid="7bd73a50-b869-48c3-8a44-6397a5025663">
    <rootGraph type="sltp.mm.syntax.Graph" uuid="a6705287-58f7-4fc0-811f-3645d26e0285">
      <children type="sltp.mm.syntax.Node" uuid="1a669de6-731a-4c78-8d35-a2ad36591a3d">
        <priority>40</priority>
        <rates type="sltp.mm.syntax.RateData">
          <color>#000000</color>
          <hasBlocks>true</hasBlocks>
          <rate>0</rate>
          <title>Cont</title>
        </rates>
        <rates type="sltp.mm.syntax.RateData">
          <color>#808080</color>
          <hasBlocks>true</hasBlocks>
          <rate>[0, 1]</rate>
          <title>FiM</title>
        </rates>
        <title>Cont</title>
        <type>base</type>
        <diagramElement type="diagram.editor.model.Entity" uuid="15420e54-2338-428e-890f-1992a1603230"/>
        <subgraph type="sltp.mm.syntax.Graph" uuid="242a920b-b439-4754-a27e-ea7e9819a8eb">
          <title>Cont</title>
          <diagramElement type="diagram.editor.model.Diagram" uuid="b61942e8-0ab2-4b27-a004-b552f72fc1df"/>
        </subgraph>
      </children>
      <title>Default</title>
      <diagramElement type="diagram.editor.model.Diagram" uuid="5e301af8-12d3-4d55-a986-bcc58819d9d5"/>
    </rootGraph>
  </sltp.mm.syntax.Context>
  <diagram.editor.model.Diagram type="diagram.editor.model.Diagram" uuid="5e301af8-12d3-4d55-a986-bcc58819d9d5">
    <entities type="diagram.editor.model.Entity" uuid="15420e54-2338-428e-890f-1992a1603230">
      <position>0,0</position>
      <size>0,0,0,0</size>
      <syntaxElement type="sltp.mm.syntax.Node" uuid="1a669de6-731a-4c78-8d35-a2ad36591a3d"/>
      <title>Cont</title>
      <type>base</type>
      <subDiagram type="diagram.editor.model.Diagram" uuid="b61942e8-0ab2-4b27-a004-b552f72fc1df">
        <position>0,0</position>
        <syntaxElement type="sltp.mm.syntax.Graph" uuid="242a920b-b439-4754-a27e-ea7e9819a8eb"/>
        <title>Cont</title>
        <type>graph.Graph</type>
      </subDiagram>
    </entities>
    <syntaxElement type="sltp.mm.syntax.Graph" uuid="a6705287-58f7-4fc0-811f-3645d26e0285"/>
    <title>Default</title>
    <type>graph.Graph</type>
  </diagram.editor.model.Diagram>
</sltp_editor>