<?xml version="1.0" encoding="UTF-8"?>
<sltp_graph version="1.1" packageUris="http://schema.mathworks.com/mf0/sltp_mm/R2022b_202203181029">
  <sltp.mm.core.Context type="sltp.mm.core.Context" uuid="1da27d36-99b9-4253-b1e5-2c54e1bae66f">
    <priorityDirection>HighNumberLast</priorityDirection>
    <editorState type="sltp.mm.core.EditorState" uuid="c10c48b9-050a-4c2e-9625-e1abca4feaad">
      <isSynchronized>true</isSynchronized>
      <panelState type="sltp.mm.core.EditorPanelState" uuid="5201ec29-d860-4a9c-91ad-6517356a39e8"/>
    </editorState>
    <rootTask type="sltp.mm.core.Task" uuid="42934f0f-28fc-4541-8ad8-9c3240358f31">
      <context type="sltp.mm.core.Context" uuid="1da27d36-99b9-4253-b1e5-2c54e1bae66f"/>
      <explicit>false</explicit>
      <name>Default</name>
      <priority>-2147483648</priority>
      <subgraph type="sltp.mm.core.Graph" uuid="2cf9cfa4-4bed-4888-b4f2-bd8b8dea56c4">
        <tasks type="sltp.mm.core.Task" uuid="f9ba95a8-a91f-43fe-a934-9b96c4457e29">
          <baseTask>true</baseTask>
          <context type="sltp.mm.core.Context" uuid="1da27d36-99b9-4253-b1e5-2c54e1bae66f"/>
          <explicit>false</explicit>
          <id>1</id>
          <isTimed>true</isTimed>
          <name>Cont</name>
          <priority>40</priority>
          <rates type="sltp.mm.core.Rate" uuid="6b885441-01c7-4435-a890-8c9ebf19d631">
            <annotation>Cont</annotation>
            <color>255</color>
            <hasBlocks>true</hasBlocks>
            <identifier>Continuous00</identifier>
            <rateSpec type="sltp.mm.core.RateSpec">
              <period>0.0</period>
            </rateSpec>
            <sti>0</sti>
          </rates>
          <rates type="sltp.mm.core.Rate" uuid="6f91cf5b-5c8a-40da-84b7-83efb36cfa5e">
            <annotation>FiM</annotation>
            <color>-2139062017</color>
            <hasBlocks>true</hasBlocks>
            <rateSpec type="sltp.mm.core.RateSpec">
              <offset>1.0</offset>
              <period>0.0</period>
            </rateSpec>
            <sti>1</sti>
          </rates>
        </tasks>
      </subgraph>
    </rootTask>
  </sltp.mm.core.Context>
</sltp_graph>