<?xml version="1.0" encoding="UTF-8"?>
<sltp_graph version="1.1" packageUris="http://schema.mathworks.com/mf0/sltp_mm/R2020a_201913111440">
  <sltp.mm.core.Context type="sltp.mm.core.Context" uuid="652e7f35-ccda-4d51-a43c-28877edf05d6">
    <priorityDirection>HighNumberLast</priorityDirection>
    <unusedIds>1</unusedIds>
    <editorState type="sltp.mm.core.EditorState" uuid="1486826e-5bbb-4f6f-bcd0-a0a6a7fec561">
      <isSynchronized>true</isSynchronized>
    </editorState>
    <rootTask type="sltp.mm.core.Task" uuid="295af630-52a4-419a-a349-867514d64e8c">
      <context type="sltp.mm.core.Context" uuid="652e7f35-ccda-4d51-a43c-28877edf05d6"/>
      <explicit>false</explicit>
      <name>Default</name>
      <priority>-2147483648</priority>
      <subgraph type="sltp.mm.core.Graph" uuid="c00d86ab-34d1-4cce-a511-771c67ab2612">
        <tasks type="sltp.mm.core.Task" uuid="98469b07-02a3-4636-98b1-f7ca3b29fc7b">
          <baseTask>true</baseTask>
          <context type="sltp.mm.core.Context" uuid="652e7f35-ccda-4d51-a43c-28877edf05d6"/>
          <explicit>false</explicit>
          <id>2</id>
          <name>Cont</name>
          <priority>40</priority>
          <rates type="sltp.mm.core.Rate" uuid="ac2f013c-bf77-4852-bcef-39af310b64d8">
            <annotation>Cont</annotation>
            <color>255</color>
            <hasBlocks>true</hasBlocks>
            <rateSpec type="sltp.mm.core.RateSpec">
              <period>0</period>
            </rateSpec>
            <sti>0</sti>
          </rates>
          <rates type="sltp.mm.core.Rate" uuid="b3aae2a1-ca65-4853-a9de-ab1ad52b6266">
            <annotation>D1</annotation>
            <color>-436207361</color>
            <hasBlocks>true</hasBlocks>
            <rateSpec type="sltp.mm.core.RateSpec">
              <period>0.001</period>
            </rateSpec>
            <sti>1</sti>
          </rates>
        </tasks>
      </subgraph>
    </rootTask>
  </sltp.mm.core.Context>
</sltp_graph>