<?xml version="1.0" encoding="UTF-8"?>
<sltp_graph version="1.1" packageUris="http://schema.mathworks.com/mf0/sltp_mm/R2020a_201913111440">
  <sltp.mm.core.Context type="sltp.mm.core.Context" uuid="a957d545-829d-42a8-b4e5-485ba16af139">
    <priorityDirection>HighNumberLast</priorityDirection>
    <unusedIds>1</unusedIds>
    <editorState type="sltp.mm.core.EditorState" uuid="1486826e-5bbb-4f6f-bcd0-a0a6a7fec561">
      <isSynchronized>true</isSynchronized>
    </editorState>
    <rootTask type="sltp.mm.core.Task" uuid="7f0db89d-4d57-47fb-970f-1fe5a64786ff">
      <context type="sltp.mm.core.Context" uuid="a957d545-829d-42a8-b4e5-485ba16af139"/>
      <explicit>false</explicit>
      <name>Default</name>
      <priority>-2147483648</priority>
      <subgraph type="sltp.mm.core.Graph" uuid="32271f85-2d14-4e99-8067-3939664f69cb">
        <tasks type="sltp.mm.core.Task" uuid="f66ec31f-636a-4ef5-83f5-8f822d58d7fc">
          <baseTask>true</baseTask>
          <context type="sltp.mm.core.Context" uuid="a957d545-829d-42a8-b4e5-485ba16af139"/>
          <explicit>false</explicit>
          <id>2</id>
          <name>Cont</name>
          <priority>40</priority>
          <rates type="sltp.mm.core.Rate" uuid="f54b930c-5a21-46e9-90d8-02a66622b4b7">
            <annotation>Cont</annotation>
            <color>255</color>
            <hasBlocks>true</hasBlocks>
            <rateSpec type="sltp.mm.core.RateSpec">
              <period>0</period>
            </rateSpec>
            <sti>0</sti>
          </rates>
          <rates type="sltp.mm.core.Rate" uuid="2cdccbad-24bd-426b-9f28-d769f9251a48">
            <annotation>D1</annotation>
            <color>-436207361</color>
            <hasBlocks>true</hasBlocks>
            <rateSpec type="sltp.mm.core.RateSpec">
              <period>0.001</period>
            </rateSpec>
            <sti>1</sti>
          </rates>
        </tasks>
      </subgraph>
    </rootTask>
  </sltp.mm.core.Context>
</sltp_graph>