<?xml version="1.0" encoding="utf-8"?>
<System>
  <P Name="Location">[-1, -7, 1537, 825]</P>
  <P Name="ZoomFactor">200</P>
  <Block BlockType="Inport" Name="In1" SID="8">
    <P Name="Position">[20, 413, 50, 427]</P>
    <P Name="ZOrder">346</P>
  </Block>
  <Block BlockType="Sum" Name="Add" SID="9">
    <PortCounts in="2" out="1"/>
    <P Name="Position">[445, 92, 475, 123]</P>
    <P Name="ZOrder">5</P>
    <P Name="IconShape">rectangular</P>
    <P Name="Inputs">+-</P>
  </Block>
  <Block BlockType="Sum" Name="Add1" SID="10">
    <PortCounts in="4" out="1"/>
    <P Name="Position">[665, 296, 700, 389]</P>
    <P Name="ZOrder">10</P>
    <P Name="IconShape">rectangular</P>
    <P Name="Inputs">--++</P>
  </Block>
  <Block BlockType="Sum" Name="Add2" SID="11">
    <PortCounts in="3" out="1"/>
    <P Name="Position">[665, 438, 700, 532]</P>
    <P Name="ZOrder">311</P>
    <P Name="IconShape">rectangular</P>
    <P Name="Inputs">-++</P>
  </Block>
  <Block BlockType="Sum" Name="Add3" SID="12">
    <PortCounts in="2" out="1"/>
    <P Name="Position">[535, 397, 565, 428]</P>
    <P Name="ZOrder">320</P>
    <P Name="IconShape">rectangular</P>
  </Block>
  <Block BlockType="Sum" Name="Add4" SID="13">
    <PortCounts in="2" out="1"/>
    <P Name="Position">[885, 262, 915, 293]</P>
    <P Name="ZOrder">325</P>
    <P Name="IconShape">rectangular</P>
  </Block>
  <Block BlockType="Sum" Name="Add5" SID="14">
    <PortCounts in="2" out="1"/>
    <P Name="Position">[1005, 307, 1035, 338]</P>
    <P Name="ZOrder">329</P>
    <P Name="IconShape">rectangular</P>
    <P Name="Inputs">+-</P>
  </Block>
  <Block BlockType="Sum" Name="Add6" SID="15">
    <PortCounts in="2" out="1"/>
    <P Name="Position">[865, 607, 895, 638]</P>
    <P Name="ZOrder">338</P>
    <P Name="IconShape">rectangular</P>
  </Block>
  <Block BlockType="Sum" Name="Add7" SID="16">
    <PortCounts in="2" out="1"/>
    <P Name="Position">[1000, 537, 1030, 568]</P>
    <P Name="ZOrder">342</P>
    <P Name="IconShape">rectangular</P>
    <P Name="Inputs">+-</P>
  </Block>
  <Block BlockType="Constant" Name="Constant" SID="17">
    <P Name="Position">[435, 365, 485, 395]</P>
    <P Name="ZOrder">318</P>
    <P Name="Value">J+M*r^2</P>
  </Block>
  <Block BlockType="Trigonometry" Name="Cos" SID="18">
    <PortCounts in="1" out="1"/>
    <P Name="Position">[1355, 515, 1385, 545]</P>
    <P Name="ZOrder">282</P>
    <P Name="Operator">cos</P>
  </Block>
  <Block BlockType="Product" Name="Divide" SID="19">
    <PortCounts in="2" out="1"/>
    <P Name="Position">[1065, 269, 1105, 311]</P>
    <P Name="ZOrder">323</P>
    <P Name="Inputs">*/</P>
  </Block>
  <Block BlockType="Product" Name="Divide1" SID="20">
    <PortCounts in="2" out="1"/>
    <P Name="Position">[1065, 569, 1105, 611]</P>
    <P Name="ZOrder">343</P>
    <P Name="Inputs">/*</P>
  </Block>
  <Block BlockType="Gain" Name="Gain" SID="21">
    <P Name="Position">[385, 85, 415, 115]</P>
    <P Name="ZOrder">7</P>
    <P Name="Gain">Ku</P>
  </Block>
  <Block BlockType="Gain" Name="Gain1" SID="22">
    <P Name="Position">[480, 197, 530, 233]</P>
    <P Name="ZOrder">8</P>
    <P Name="BlockMirror">on</P>
    <P Name="Gain">Kb*Nr</P>
  </Block>
  <Block BlockType="Gain" Name="Gain10" SID="23">
    <P Name="Position">[760, 290, 790, 320]</P>
    <P Name="ZOrder">324</P>
    <P Name="Gain">L/3</P>
  </Block>
  <Block BlockType="Gain" Name="Gain11" SID="24">
    <P Name="Position">[760, 409, 800, 451]</P>
    <P Name="ZOrder">326</P>
    <P Name="BlockMirror">on</P>
    <P Name="Gain">r/2</P>
  </Block>
  <Block BlockType="Gain" Name="Gain12" SID="25">
    <P Name="Position">[935, 300, 965, 330]</P>
    <P Name="ZOrder">330</P>
    <P Name="Gain">L/3</P>
  </Block>
  <Block BlockType="Gain" Name="Gain13" SID="26">
    <P Name="Position">[900, 337, 975, 373]</P>
    <P Name="ZOrder">332</P>
    <P Name="Gain">M*L*r^2/4</P>
  </Block>
  <Block BlockType="Gain" Name="Gain14" SID="27">
    <P Name="Position">[750, 476, 810, 524]</P>
    <P Name="ZOrder">335</P>
    <P Name="BlockMirror">on</P>
    <P Name="Gain">M*L*r/2</P>
  </Block>
  <Block BlockType="Gain" Name="Gain15" SID="28">
    <P Name="Position">[865, 487, 965, 533]</P>
    <P Name="ZOrder">340</P>
    <P Name="Gain">M^2*L^2*r^2/4</P>
  </Block>
  <Block BlockType="Gain" Name="Gain16" SID="29">
    <P Name="Position">[865, 537, 930, 583]</P>
    <P Name="ZOrder">341</P>
    <P Name="Gain">M*L^2/3</P>
  </Block>
  <Block BlockType="Gain" Name="Gain17" SID="30">
    <P Name="Position">[1540, 320, 1595, 360]</P>
    <P Name="ZOrder">344</P>
    <P Name="Gain">180/pi</P>
  </Block>
  <Block BlockType="Gain" Name="Gain18" SID="31">
    <P Name="Position">[1540, 480, 1595, 520]</P>
    <P Name="ZOrder">345</P>
    <P Name="Gain">180/pi</P>
  </Block>
  <Block BlockType="Gain" Name="Gain2" SID="32">
    <P Name="Position">[505, 84, 570, 136]</P>
    <P Name="ZOrder">9</P>
    <P Name="Gain">Nr*Km/Ra</P>
  </Block>
  <Block BlockType="Gain" Name="Gain3" SID="33">
    <P Name="Position">[665, 89, 740, 131]</P>
    <P Name="ZOrder">306</P>
    <P Name="BlockMirror">on</P>
    <P Name="Gain">2/3*M*L^2</P>
  </Block>
  <Block BlockType="Gain" Name="Gain4" SID="34">
    <P Name="Position">[665, 19, 740, 61]</P>
    <P Name="ZOrder">309</P>
    <P Name="BlockMirror">on</P>
    <P Name="Gain">M*L*r/2</P>
  </Block>
  <Block BlockType="Gain" Name="Gain5" SID="35">
    <P Name="Position">[645, 234, 685, 276]</P>
    <P Name="ZOrder">310</P>
    <P Name="BlockMirror">on</P>
    <P Name="Gain">f</P>
  </Block>
  <Block BlockType="Gain" Name="Gain6" SID="36">
    <P Name="Position">[740, 689, 815, 731]</P>
    <P Name="ZOrder">312</P>
    <P Name="BlockMirror">on</P>
    <P Name="Gain">M*g*L/2</P>
  </Block>
  <Block BlockType="Gain" Name="Gain7" SID="37">
    <P Name="Position">[1000, 774, 1075, 816]</P>
    <P Name="ZOrder">315</P>
    <P Name="BlockMirror">on</P>
    <P Name="Gain">M*L^2/3</P>
  </Block>
  <Block BlockType="Gain" Name="Gain8" SID="38">
    <P Name="Position">[610, 496, 640, 534]</P>
    <P Name="ZOrder">316</P>
    <P Name="Gain">c</P>
  </Block>
  <Block BlockType="Gain" Name="Gain9" SID="39">
    <P Name="Position">[415, 420, 485, 460]</P>
    <P Name="ZOrder">321</P>
    <P Name="Gain">M*L^2/3</P>
  </Block>
  <Block BlockType="Integrator" Name="Integrator" SID="40">
    <PortCounts in="1" out="1"/>
    <P Name="Position">[1160, 325, 1190, 355]</P>
    <P Name="ZOrder">1</P>
  </Block>
  <Block BlockType="Integrator" Name="Integrator1" SID="41">
    <PortCounts in="1" out="1"/>
    <P Name="Position">[1280, 325, 1310, 355]</P>
    <P Name="ZOrder">2</P>
  </Block>
  <Block BlockType="Integrator" Name="Integrator2" SID="42">
    <PortCounts in="1" out="1"/>
    <P Name="Position">[1160, 485, 1190, 515]</P>
    <P Name="ZOrder">3</P>
  </Block>
  <Block BlockType="Integrator" Name="Integrator3" SID="43">
    <PortCounts in="1" out="1"/>
    <P Name="Position">[1280, 485, 1310, 515]</P>
    <P Name="ZOrder">4</P>
  </Block>
  <Block BlockType="Product" Name="Product" SID="44">
    <PortCounts in="4" out="1"/>
    <P Name="Position">[775, 74, 820, 141]</P>
    <P Name="ZOrder">304</P>
    <P Name="BlockMirror">on</P>
    <P Name="Inputs">4</P>
  </Block>
  <Block BlockType="Product" Name="Product1" SID="45">
    <PortCounts in="2" out="1"/>
    <P Name="Position">[1430, 567, 1460, 598]</P>
    <P Name="ZOrder">308</P>
  </Block>
  <Block BlockType="Product" Name="Product2" SID="46">
    <PortCounts in="3" out="1"/>
    <P Name="Position">[1180, 768, 1220, 822]</P>
    <P Name="ZOrder">314</P>
    <P Name="BlockMirror">on</P>
    <P Name="Inputs">3</P>
  </Block>
  <Block BlockType="Product" Name="Product3" SID="47">
    <PortCounts in="2" out="1"/>
    <P Name="Position">[765, 337, 795, 368]</P>
    <P Name="ZOrder">328</P>
  </Block>
  <Block BlockType="Product" Name="Product4" SID="48">
    <PortCounts in="2" out="1"/>
    <P Name="Position">[785, 552, 815, 583]</P>
    <P Name="ZOrder">336</P>
  </Block>
  <Block BlockType="Product" Name="Product5" SID="49">
    <PortCounts in="2" out="1"/>
    <P Name="Position">[785, 612, 815, 643]</P>
    <P Name="ZOrder">337</P>
  </Block>
  <Block BlockType="Trigonometry" Name="Sin" SID="50">
    <PortCounts in="1" out="1"/>
    <P Name="Position">[1355, 455, 1385, 485]</P>
    <P Name="ZOrder">305</P>
  </Block>
  <Block BlockType="Math" Name="Square" SID="51">
    <PortCounts in="1" out="1"/>
    <P Name="Position">[1240, 575, 1270, 605]</P>
    <P Name="ZOrder">307</P>
    <P Name="Operator">square</P>
  </Block>
  <Block BlockType="Math" Name="Square1" SID="52">
    <PortCounts in="1" out="1"/>
    <P Name="Position">[1415, 795, 1445, 825]</P>
    <P Name="ZOrder">313</P>
    <P Name="BlockMirror">on</P>
    <P Name="Operator">square</P>
  </Block>
  <Block BlockType="Math" Name="Square2" SID="53">
    <PortCounts in="1" out="1"/>
    <P Name="Position">[1415, 860, 1445, 890]</P>
    <P Name="ZOrder">322</P>
    <P Name="BlockMirror">on</P>
    <P Name="Operator">square</P>
  </Block>
  <Block BlockType="Math" Name="Square3" SID="54">
    <PortCounts in="1" out="1"/>
    <P Name="Position">[975, 380, 1005, 410]</P>
    <P Name="ZOrder">331</P>
    <P Name="BlockMirror">on</P>
    <P Name="Operator">square</P>
  </Block>
  <Block BlockType="Math" Name="Square4" SID="55">
    <PortCounts in="1" out="1"/>
    <P Name="Position">[975, 455, 1005, 485]</P>
    <P Name="ZOrder">339</P>
    <P Name="BlockMirror">on</P>
    <P Name="Operator">square</P>
  </Block>
  <Block BlockType="Outport" Name="Out1" SID="56">
    <P Name="Position">[1625, 333, 1655, 347]</P>
    <P Name="ZOrder">347</P>
  </Block>
  <Block BlockType="Outport" Name="Out2" SID="57">
    <P Name="Position">[1630, 493, 1660, 507]</P>
    <P Name="ZOrder">348</P>
    <P Name="Port">2</P>
  </Block>
  <Line>
    <P Name="ZOrder">1</P>
    <P Name="Src">18#out:1</P>
    <P Name="Points">[8, 0]</P>
    <Branch>
      <P Name="ZOrder">2</P>
      <P Name="Points">[0, 265]</P>
      <P Name="Dst">46#in:2</P>
    </Branch>
    <Branch>
      <P Name="ZOrder">3</P>
      <P Name="Points">[0, -100]</P>
      <Branch>
        <P Name="ZOrder">4</P>
        <P Name="Points">[0, -330]</P>
        <P Name="Dst">44#in:2</P>
      </Branch>
      <Branch>
        <P Name="ZOrder">5</P>
        <P Name="Points">[-355, 0]</P>
        <Branch>
          <P Name="ZOrder">6</P>
          <P Name="Points">[0, 40]</P>
          <P Name="Dst">55#in:1</P>
        </Branch>
        <Branch>
          <P Name="ZOrder">7</P>
          <P Name="Points">[0, -35]</P>
          <P Name="Dst">54#in:1</P>
        </Branch>
        <Branch>
          <P Name="ZOrder">8</P>
          <P Name="Points">[-212, 0]</P>
          <Branch>
            <P Name="ZOrder">9</P>
            <P Name="Dst">24#in:1</P>
          </Branch>
          <Branch>
            <P Name="ZOrder">10</P>
            <P Name="Points">[0, 70]</P>
            <P Name="Dst">27#in:1</P>
          </Branch>
        </Branch>
      </Branch>
    </Branch>
  </Line>
  <Line>
    <P Name="ZOrder">11</P>
    <P Name="Src">40#out:1</P>
    <P Name="Points">[33, 0]</P>
    <Branch>
      <P Name="ZOrder">12</P>
      <P Name="Points">[0, -125]</P>
      <Branch>
        <P Name="ZOrder">13</P>
        <P Name="Points">[287, 0; 0, 595]</P>
        <P Name="Dst">52#in:1</P>
      </Branch>
      <Branch>
        <P Name="ZOrder">14</P>
        <P Name="Points">[-383, 0]</P>
        <Branch>
          <P Name="ZOrder">15</P>
          <P Name="Points">[-315, 0]</P>
          <P Name="Dst">22#in:1</P>
        </Branch>
        <Branch>
          <P Name="ZOrder">16</P>
          <P Name="Points">[0, 40]</P>
          <P Name="Dst">35#in:1</P>
        </Branch>
        <Branch>
          <P Name="ZOrder">17</P>
          <P Name="Points">[0, -85]</P>
          <P Name="Dst">44#in:4</P>
        </Branch>
      </Branch>
    </Branch>
    <Branch>
      <P Name="ZOrder">18</P>
      <P Name="Dst">41#in:1</P>
    </Branch>
  </Line>
  <Line>
    <P Name="ZOrder">19</P>
    <P Name="Src">17#out:1</P>
    <P Name="Points">[20, 0; 0, 25]</P>
    <P Name="Dst">12#in:1</P>
  </Line>
  <Line>
    <P Name="ZOrder">20</P>
    <P Name="Src">42#out:1</P>
    <P Name="Points">[20, 0]</P>
    <Branch>
      <P Name="ZOrder">21</P>
      <P Name="Points">[0, -385]</P>
      <P Name="Dst">44#in:3</P>
    </Branch>
    <Branch>
      <P Name="ZOrder">22</P>
      <P Name="Dst">43#in:1</P>
    </Branch>
    <Branch>
      <P Name="ZOrder">23</P>
      <P Name="Points">[0, 90]</P>
      <Branch>
        <P Name="ZOrder">24</P>
        <P Name="Dst">51#in:1</P>
      </Branch>
      <Branch>
        <P Name="ZOrder">25</P>
        <P Name="Points">[0, 78; -629, 0; 0, -153]</P>
        <P Name="Dst">38#in:1</P>
      </Branch>
    </Branch>
  </Line>
  <Line>
    <P Name="ZOrder">26</P>
    <P Name="Src">14#out:1</P>
    <P Name="Points">[10, 0]</P>
    <P Name="Dst">19#in:2</P>
  </Line>
  <Line>
    <P Name="ZOrder">27</P>
    <P Name="Src">12#out:1</P>
    <P Name="Points">[98, 0]</P>
    <Branch>
      <P Name="ZOrder">28</P>
      <P Name="Points">[0, -14; 202, 0; 0, -86]</P>
      <P Name="Dst">25#in:1</P>
    </Branch>
    <Branch>
      <P Name="ZOrder">29</P>
      <P Name="Points">[54, 0; 0, 119]</P>
      <Branch>
        <P Name="ZOrder">30</P>
        <P Name="Points">[118, 0; 0, 26]</P>
        <P Name="Dst">29#in:1</P>
      </Branch>
      <Branch>
        <P Name="ZOrder">31</P>
        <P Name="Points">[0, 86]</P>
        <P Name="Dst">49#in:1</P>
      </Branch>
    </Branch>
  </Line>
  <Line>
    <P Name="ZOrder">32</P>
    <P Name="Src">37#out:1</P>
    <P Name="Points">[-463, 0; 0, -340]</P>
    <P Name="Dst">11#in:1</P>
  </Line>
  <Line>
    <P Name="ZOrder">33</P>
    <P Name="Src">11#out:1</P>
    <P Name="Points">[6, 0]</P>
    <Branch>
      <P Name="ZOrder">34</P>
      <P Name="Points">[0, 150]</P>
      <P Name="Dst">49#in:2</P>
    </Branch>
    <Branch>
      <P Name="ZOrder">35</P>
      <P Name="Points">[29, 0; 0, -140]</P>
      <P Name="Dst">47#in:1</P>
    </Branch>
  </Line>
  <Line>
    <P Name="ZOrder">36</P>
    <P Name="Src">29#out:1</P>
    <P Name="Dst">16#in:2</P>
  </Line>
  <Line>
    <P Name="ZOrder">37</P>
    <P Name="Src">10#out:1</P>
    <P Name="Points">[25, 0]</P>
    <Branch>
      <P Name="ZOrder">38</P>
      <P Name="Points">[0, 230]</P>
      <P Name="Dst">48#in:2</P>
    </Branch>
    <Branch>
      <P Name="ZOrder">39</P>
      <P Name="Points">[0, -40]</P>
      <P Name="Dst">23#in:1</P>
    </Branch>
  </Line>
  <Line>
    <P Name="ZOrder">40</P>
    <P Name="Src">43#out:1</P>
    <P Name="Points">[19, 0]</P>
    <Branch>
      <P Name="ZOrder">41</P>
      <P Name="Points">[0, 30]</P>
      <P Name="Dst">18#in:1</P>
    </Branch>
    <Branch>
      <P Name="ZOrder">42</P>
      <P Name="Dst">31#in:1</P>
    </Branch>
    <Branch>
      <P Name="ZOrder">43</P>
      <P Name="Points">[0, -30]</P>
      <P Name="Dst">50#in:1</P>
    </Branch>
  </Line>
  <Line>
    <P Name="ZOrder">44</P>
    <P Name="Src">31#out:1</P>
    <P Name="Dst">57#in:1</P>
  </Line>
  <Line>
    <P Name="ZOrder">45</P>
    <P Name="Src">32#out:1</P>
    <P Name="Points">[17, 0; 0, 270]</P>
    <P Name="Dst">10#in:4</P>
  </Line>
  <Line>
    <P Name="ZOrder">46</P>
    <P Name="Src">35#out:1</P>
    <P Name="Points">[-10, 0; 0, 50]</P>
    <P Name="Dst">10#in:1</P>
  </Line>
  <Line>
    <P Name="ZOrder">47</P>
    <P Name="Src">46#out:1</P>
    <P Name="Dst">37#in:1</P>
  </Line>
  <Line>
    <P Name="ZOrder">48</P>
    <P Name="Src">8#out:1</P>
    <P Name="Points">[162, 0; 0, -320]</P>
    <P Name="Dst">21#in:1</P>
  </Line>
  <Line>
    <P Name="ZOrder">49</P>
    <P Name="Src">45#out:1</P>
    <P Name="Points">[19, 0; 0, -545; -744, 0]</P>
    <P Name="Dst">34#in:1</P>
  </Line>
  <Line>
    <P Name="ZOrder">50</P>
    <P Name="Src">33#out:1</P>
    <P Name="Points">[-45, 0; 0, 220]</P>
    <P Name="Dst">10#in:2</P>
  </Line>
  <Line>
    <P Name="ZOrder">51</P>
    <P Name="Src">41#out:1</P>
    <P Name="Dst">30#in:1</P>
  </Line>
  <Line>
    <P Name="ZOrder">52</P>
    <P Name="Src">36#out:1</P>
    <P Name="Points">[-176, 0; 0, -225]</P>
    <P Name="Dst">11#in:2</P>
  </Line>
  <Line>
    <P Name="ZOrder">53</P>
    <P Name="Src">13#out:1</P>
    <P Name="Dst">19#in:1</P>
  </Line>
  <Line>
    <P Name="ZOrder">54</P>
    <P Name="Src">50#out:1</P>
    <P Name="Points">[20, 0]</P>
    <Branch>
      <P Name="ZOrder">55</P>
      <P Name="Points">[0, 105]</P>
      <Branch>
        <P Name="ZOrder">56</P>
        <P Name="Points">[0, 135]</P>
        <Branch>
          <P Name="ZOrder">57</P>
          <P Name="Points">[-163, 0]</P>
          <Branch>
            <P Name="ZOrder">58</P>
            <P Name="Points">[0, 70]</P>
            <P Name="Dst">46#in:1</P>
          </Branch>
          <Branch>
            <P Name="ZOrder">59</P>
            <P Name="Dst">36#in:1</P>
          </Branch>
        </Branch>
        <Branch>
          <P Name="ZOrder">60</P>
          <P Name="Points">[67, 0; 0, 165]</P>
          <P Name="Dst">53#in:1</P>
        </Branch>
      </Branch>
      <Branch>
        <P Name="ZOrder">61</P>
        <P Name="Dst">45#in:1</P>
      </Branch>
    </Branch>
    <Branch>
      <P Name="ZOrder">62</P>
      <P Name="Points">[0, -385]</P>
      <P Name="Dst">44#in:1</P>
    </Branch>
  </Line>
  <Line>
    <P Name="ZOrder">63</P>
    <P Name="Src">16#out:1</P>
    <P Name="Points">[13, 0; 0, 25]</P>
    <P Name="Dst">20#in:1</P>
  </Line>
  <Line>
    <P Name="ZOrder">64</P>
    <P Name="Src">9#out:1</P>
    <P Name="Dst">32#in:1</P>
  </Line>
  <Line>
    <P Name="ZOrder">65</P>
    <P Name="Src">52#out:1</P>
    <P Name="Dst">46#in:3</P>
  </Line>
  <Line>
    <P Name="ZOrder">66</P>
    <P Name="Src">47#out:1</P>
    <P Name="Points">[54, 0; 0, -70]</P>
    <P Name="Dst">13#in:2</P>
  </Line>
  <Line>
    <P Name="ZOrder">67</P>
    <P Name="Src">44#out:1</P>
    <P Name="Dst">33#in:1</P>
  </Line>
  <Line>
    <P Name="ZOrder">68</P>
    <P Name="Src">51#out:1</P>
    <P Name="Dst">45#in:2</P>
  </Line>
  <Line>
    <P Name="ZOrder">69</P>
    <P Name="Src">26#out:1</P>
    <P Name="Points">[10, 0]</P>
    <P Name="Dst">14#in:2</P>
  </Line>
  <Line>
    <P Name="ZOrder">70</P>
    <P Name="Src">53#out:1</P>
    <P Name="Points">[-1010, 0]</P>
    <P Name="Dst">39#in:1</P>
  </Line>
  <Line>
    <P Name="ZOrder">71</P>
    <P Name="Src">38#out:1</P>
    <P Name="Dst">11#in:3</P>
  </Line>
  <Line>
    <P Name="ZOrder">72</P>
    <P Name="Src">49#out:1</P>
    <P Name="Dst">15#in:2</P>
  </Line>
  <Line>
    <P Name="ZOrder">73</P>
    <P Name="Src">48#out:1</P>
    <P Name="Points">[20, 0; 0, 45]</P>
    <P Name="Dst">15#in:1</P>
  </Line>
  <Line>
    <P Name="ZOrder">74</P>
    <P Name="Src">21#out:1</P>
    <P Name="Dst">9#in:1</P>
  </Line>
  <Line>
    <P Name="ZOrder">75</P>
    <P Name="Src">27#out:1</P>
    <P Name="Points">[-5, 0; 0, 60]</P>
    <P Name="Dst">48#in:1</P>
  </Line>
  <Line>
    <P Name="ZOrder">76</P>
    <P Name="Src">22#out:1</P>
    <P Name="Points">[-45, 0; 0, -100; 15, 0]</P>
    <P Name="Dst">9#in:2</P>
  </Line>
  <Line>
    <P Name="ZOrder">77</P>
    <P Name="Src">34#out:1</P>
    <P Name="Points">[-57, 0; 0, 315]</P>
    <P Name="Dst">10#in:3</P>
  </Line>
  <Line>
    <P Name="ZOrder">78</P>
    <P Name="Src">39#out:1</P>
    <P Name="Points">[20, 0; 0, -20]</P>
    <P Name="Dst">12#in:2</P>
  </Line>
  <Line>
    <P Name="ZOrder">79</P>
    <P Name="Src">19#out:1</P>
    <P Name="Points">[9, 0; 0, 50]</P>
    <P Name="Dst">40#in:1</P>
  </Line>
  <Line>
    <P Name="ZOrder">80</P>
    <P Name="Src">54#out:1</P>
    <P Name="Points">[-85, 0]</P>
    <P Name="Dst">26#in:1</P>
  </Line>
  <Line>
    <P Name="ZOrder">81</P>
    <P Name="Src">55#out:1</P>
    <P Name="Points">[-120, 0]</P>
    <P Name="Dst">28#in:1</P>
  </Line>
  <Line>
    <P Name="ZOrder">82</P>
    <P Name="Src">24#out:1</P>
    <P Name="Points">[-5, 0]</P>
    <P Name="Dst">47#in:2</P>
  </Line>
  <Line>
    <P Name="ZOrder">83</P>
    <P Name="Src">15#out:1</P>
    <P Name="Points">[143, 0; 0, -25]</P>
    <P Name="Dst">20#in:2</P>
  </Line>
  <Line>
    <P Name="ZOrder">84</P>
    <P Name="Src">20#out:1</P>
    <P Name="Points">[9, 0; 0, -90]</P>
    <P Name="Dst">42#in:1</P>
  </Line>
  <Line>
    <P Name="ZOrder">85</P>
    <P Name="Src">28#out:1</P>
    <P Name="Points">[10, 0; 0, 35]</P>
    <P Name="Dst">16#in:1</P>
  </Line>
  <Line>
    <P Name="ZOrder">86</P>
    <P Name="Src">23#out:1</P>
    <P Name="Points">[32, 0; 0, -35]</P>
    <P Name="Dst">13#in:1</P>
  </Line>
  <Line>
    <P Name="ZOrder">87</P>
    <P Name="Src">25#out:1</P>
    <P Name="Dst">14#in:1</P>
  </Line>
  <Line>
    <P Name="ZOrder">88</P>
    <P Name="Src">30#out:1</P>
    <P Name="Dst">56#in:1</P>
  </Line>
  <Annotation SID="71">
    <P Name="Name">theta</P>
    <P Name="Position">[1433, 485, 1457, 498]</P>
    <P Name="InternalMargins">[0, 0, 0, 0]</P>
    <P Name="ZOrder">-1</P>
  </Annotation>
  <Annotation SID="70">
    <P Name="Name">y</P>
    <P Name="Position">[1441, 325, 1448, 338]</P>
    <P Name="InternalMargins">[0, 0, 0, 0]</P>
    <P Name="ZOrder">-2</P>
  </Annotation>
  <Annotation SID="69">
    <P Name="Name">x1</P>
    <P Name="Position">[1322, 325, 1334, 338]</P>
    <P Name="InternalMargins">[0, 0, 0, 0]</P>
    <P Name="ZOrder">-3</P>
  </Annotation>
  <Annotation SID="68">
    <P Name="Name">x4_dot</P>
    <P Name="Position">[1121, 486, 1152, 499]</P>
    <P Name="InternalMargins">[0, 0, 0, 0]</P>
    <P Name="ZOrder">-4</P>
  </Annotation>
  <Annotation SID="67">
    <P Name="Name">x2_dot</P>
    <P Name="Position">[1124, 325, 1155, 338]</P>
    <P Name="InternalMargins">[0, 0, 0, 0]</P>
    <P Name="ZOrder">-5</P>
  </Annotation>
  <Annotation SID="66">
    <P Name="Name">C</P>
    <P Name="Position">[590, 397, 599, 410]</P>
    <P Name="InternalMargins">[0, 0, 0, 0]</P>
    <P Name="ZOrder">-6</P>
  </Annotation>
  <Annotation SID="65">
    <P Name="Name">B</P>
    <P Name="Position">[710, 469, 718, 482]</P>
    <P Name="InternalMargins">[0, 0, 0, 0]</P>
    <P Name="ZOrder">-7</P>
  </Annotation>
  <Annotation SID="64">
    <P Name="Name">A</P>
    <P Name="Position">[709, 333, 717, 346]</P>
    <P Name="InternalMargins">[0, 0, 0, 0]</P>
    <P Name="ZOrder">-8</P>
  </Annotation>
  <Annotation SID="63">
    <P Name="Name">TL</P>
    <P Name="Position">[571, 116, 584, 129]</P>
    <P Name="InternalMargins">[0, 0, 0, 0]</P>
    <P Name="ZOrder">-9</P>
  </Annotation>
  <Annotation SID="62">
    <P Name="Name">x3</P>
    <P Name="Position">[1315, 485, 1327, 498]</P>
    <P Name="InternalMargins">[0, 0, 0, 0]</P>
    <P Name="ZOrder">-10</P>
  </Annotation>
  <Annotation SID="61">
    <P Name="Name">x3_dot</P>
    <P Name="Position">[1238, 485, 1269, 498]</P>
    <P Name="InternalMargins">[0, 0, 0, 0]</P>
    <P Name="ZOrder">-11</P>
  </Annotation>
  <Annotation SID="60">
    <P Name="Name">x4</P>
    <P Name="Position">[1194, 485, 1206, 498]</P>
    <P Name="InternalMargins">[0, 0, 0, 0]</P>
    <P Name="ZOrder">-12</P>
  </Annotation>
  <Annotation SID="59">
    <P Name="Name">x1_dot</P>
    <P Name="Position">[1238, 325, 1269, 338]</P>
    <P Name="InternalMargins">[0, 0, 0, 0]</P>
    <P Name="ZOrder">-13</P>
  </Annotation>
  <Annotation SID="58">
    <P Name="Name">x2</P>
    <P Name="Position">[1194, 325, 1206, 338]</P>
    <P Name="InternalMargins">[0, 0, 0, 0]</P>
    <P Name="ZOrder">-14</P>
  </Annotation>
</System>
