<?xml version="1.0" encoding="utf-8"?>
<System>
  <P Name="Location">[-1, -7, 1537, 825]</P>
  <P Name="Open">on</P>
  <P Name="ZoomFactor">80</P>
  <P Name="ReportName">simulink-default.rpt</P>
  <P Name="SIDHighWatermark">78</P>
  <Block BlockType="FromWorkspace" Name="From&#xA;Workspace1" SID="1">
    <P Name="Position">[275, 13, 340, 37]</P>
    <P Name="ZOrder">444</P>
    <P Name="VariableName">delta_yr_2</P>
  </Block>
  <Block BlockType="Gain" Name="Gain2" SID="2">
    <P Name="Position">[645, 80, 705, 120]</P>
    <P Name="ZOrder">438</P>
    <P Name="Gain">0.025</P>
  </Block>
  <Block BlockType="Reference" Name="LTI System10" SID="3">
    <PortCounts in="1" out="1"/>
    <P Name="Position">[230, 267, 325, 303]</P>
    <P Name="ZOrder">440</P>
    <P Name="LibraryVersion">5.0</P>
    <P Name="SourceBlock">cstblocks/LTI System</P>
    <P Name="SourceType">LTI Block</P>
    <InstanceData>
      <P Name="RTWMemSecFuncInitTerm">Inherit from model</P>
      <P Name="RTWMemSecFuncExecute">Inherit from model</P>
      <P Name="RTWMemSecDataConstants">Inherit from model</P>
      <P Name="RTWMemSecDataInternal">Inherit from model</P>
      <P Name="RTWMemSecDataParameters">Inherit from model</P>
      <P Name="ContentPreviewEnabled">on</P>
      <P Name="sys">C_theta</P>
      <P Name="IC">[]</P>
    </InstanceData>
  </Block>
  <Block BlockType="Reference" Name="LTI System7" SID="4">
    <PortCounts in="1" out="1"/>
    <P Name="Position">[387, 125, 423, 220]</P>
    <P Name="ZOrder">433</P>
    <P Name="BlockRotation">270</P>
    <P Name="BlockMirror">on</P>
    <P Name="NameLocation">left</P>
    <P Name="LibraryVersion">5.0</P>
    <P Name="SourceBlock">cstblocks/LTI System</P>
    <P Name="SourceType">LTI Block</P>
    <InstanceData>
      <P Name="RTWMemSecFuncInitTerm">Inherit from model</P>
      <P Name="RTWMemSecFuncExecute">Inherit from model</P>
      <P Name="RTWMemSecDataConstants">Inherit from model</P>
      <P Name="RTWMemSecDataInternal">Inherit from model</P>
      <P Name="RTWMemSecDataParameters">Inherit from model</P>
      <P Name="ContentPreviewEnabled">on</P>
      <P Name="sys">F</P>
      <P Name="IC">[]</P>
    </InstanceData>
  </Block>
  <Block BlockType="Scope" Name="Scope6" SID="5">
    <PortCounts in="1"/>
    <P Name="Position">[1115, 334, 1145, 366]</P>
    <P Name="ZOrder">435</P>
    <P Name="ScopeSpecificationString">Simulink.scopes.TimeScopeBlockCfg(&apos;CurrentConfiguration&apos;, extmgr.ConfigurationSet(extmgr.Configuration(&apos;Core&apos;,&apos;General UI&apos;,true),extmgr.Configuration(&apos;Core&apos;,&apos;Source UI&apos;,true),extmgr.Configuration(&apos;Sources&apos;,&apos;WiredSimulink&apos;,true,&apos;DataLoggingVariableName&apos;,&apos;ScopeData1&apos;),extmgr.Configuration(&apos;Visuals&apos;,&apos;Time Domain&apos;,true,&apos;SerializedDisplays&apos;,{struct(&apos;MinYLimReal&apos;,&apos;-48.60031&apos;,&apos;MaxYLimReal&apos;,&apos;48.59978&apos;,&apos;YLabelReal&apos;,&apos;&apos;,&apos;MinYLimMag&apos;,&apos;0.00000&apos;,&apos;MaxYLimMag&apos;,&apos;48.60031&apos;,&apos;LegendVisibility&apos;,&apos;off&apos;,&apos;XGrid&apos;,true,&apos;YGrid&apos;,true,&apos;PlotMagPhase&apos;,false,&apos;AxesColor&apos;,[0 0 0],&apos;AxesTickColor&apos;,[0.686274509803922 0.686274509803922 0.686274509803922],&apos;ColorOrder&apos;,[1 1 0.0666666666666667;0.0745098039215686 0.623529411764706 1;1 0.411764705882353 0.16078431372549;0.392156862745098 0.831372549019608 0.0745098039215686;0.717647058823529 0.274509803921569 1;0.0588235294117647 1 1;1 0.0745098039215686 0.650980392156863],&apos;Title&apos;,&apos;%&lt;SignalLabel&gt;&apos;,&apos;LinePropertiesCache&apos;,{{}},&apos;UserDefinedChannelNames&apos;,{{}},&apos;NumLines&apos;,1,&apos;LineNames&apos;,{{&apos;Subsystem/1&apos;}},&apos;ShowContent&apos;,true,&apos;Placement&apos;,1)},&apos;DisplayPropertyDefaults&apos;,struct(&apos;MinYLimReal&apos;,&apos;-48.60031&apos;,&apos;MaxYLimReal&apos;,&apos;48.59978&apos;,&apos;YLabelReal&apos;,&apos;&apos;,&apos;MinYLimMag&apos;,&apos;0.00000&apos;,&apos;MaxYLimMag&apos;,&apos;48.60031&apos;,&apos;LegendVisibility&apos;,&apos;off&apos;,&apos;XGrid&apos;,true,&apos;YGrid&apos;,true,&apos;PlotMagPhase&apos;,false,&apos;AxesColor&apos;,[0 0 0],&apos;AxesTickColor&apos;,[0.686274509803922 0.686274509803922 0.686274509803922],&apos;ColorOrder&apos;,[0.0745098039215686 0.623529411764706 1;1 0.411764705882353 0.16078431372549;1 1 0.0666666666666667;0.717647058823529 0.274509803921569 1;0.392156862745098 0.831372549019608 0.0745098039215686;0.0588235294117647 1 1;1 0.0745098039215686 0.650980392156863])),extmgr.Configuration(&apos;Tools&apos;,&apos;Plot Navigation&apos;,true),extmgr.Configuration(&apos;Tools&apos;,&apos;Measurements&apos;,true,&apos;Version&apos;,&apos;2022b&apos;)),&apos;Version&apos;,&apos;2022b&apos;,&apos;Position&apos;,[305 99 560 420])</P>
    <P Name="NumInputPorts">1</P>
    <P Name="Floating">off</P>
  </Block>
  <Block BlockType="Step" Name="Step3" SID="6">
    <P Name="Position">[15, 270, 45, 300]</P>
    <P Name="ZOrder">443</P>
    <P Name="Time">0</P>
    <P Name="After">0</P>
    <P Name="SampleTime">0</P>
  </Block>
  <Block BlockType="SubSystem" Name="Subsystem" SID="7">
    <PortCounts in="1" out="2"/>
    <P Name="Position">[830, 255, 870, 315]</P>
    <P Name="ZOrder">432</P>
    <P Name="ContentPreviewEnabled">on</P>
    <System Ref="system_7"/>
  </Block>
  <Block BlockType="Sum" Name="Sum4" SID="72">
    <PortCounts in="2" out="1"/>
    <P Name="Position">[440, 275, 460, 295]</P>
    <P Name="ZOrder">434</P>
    <P Name="Inputs">|+-</P>
  </Block>
  <Block BlockType="Sum" Name="Sum5" SID="73">
    <PortCounts in="2" out="1"/>
    <P Name="Position">[395, 275, 415, 295]</P>
    <P Name="ZOrder">441</P>
    <P Name="Inputs">++|</P>
  </Block>
  <Block BlockType="Sum" Name="Sum6" SID="74">
    <PortCounts in="2" out="1"/>
    <P Name="Position">[120, 275, 140, 295]</P>
    <P Name="ZOrder">442</P>
    <P Name="Inputs">|+-</P>
  </Block>
  <Block BlockType="ToWorkspace" Name="To Workspace10" SID="75">
    <PortCounts in="1"/>
    <P Name="Position">[870, 105, 960, 135]</P>
    <P Name="ZOrder">439</P>
    <P Name="VariableName">u</P>
    <P Name="MaxDataPoints">inf</P>
    <P Name="SaveFormat">Timeseries</P>
    <P Name="FixptAsFi">on</P>
    <P Name="SampleTime">-1</P>
  </Block>
  <Block BlockType="ToWorkspace" Name="To Workspace11" SID="76">
    <PortCounts in="1"/>
    <P Name="Position">[1035, 215, 1125, 245]</P>
    <P Name="ZOrder">445</P>
    <P Name="VariableName">theta</P>
    <P Name="MaxDataPoints">inf</P>
    <P Name="SaveFormat">Timeseries</P>
    <P Name="FixptAsFi">on</P>
    <P Name="SampleTime">-1</P>
  </Block>
  <Block BlockType="ToWorkspace" Name="To Workspace9" SID="77">
    <PortCounts in="1"/>
    <P Name="Position">[990, 160, 1080, 190]</P>
    <P Name="ZOrder">436</P>
    <P Name="VariableName">y</P>
    <P Name="MaxDataPoints">inf</P>
    <P Name="SaveFormat">Structure With Time</P>
    <P Name="FixptAsFi">on</P>
    <P Name="SampleTime">-1</P>
  </Block>
  <Block BlockType="TransferFcn" Name="Transfer Fcn5" SID="78">
    <P Name="Position">[590, 241, 745, 329]</P>
    <P Name="ZOrder">437</P>
    <P Name="Numerator">[0.4048 2.814 2.738]</P>
    <P Name="Denominator">[10 236.8 0]</P>
  </Block>
  <Line>
    <P Name="ZOrder">3</P>
    <P Name="Src">78#out:1</P>
    <P Name="Points">[38, 0]</P>
    <Branch>
      <P Name="ZOrder">2</P>
      <P Name="Dst">7#in:1</P>
    </Branch>
    <Branch>
      <P Name="ZOrder">1</P>
      <P Name="Points">[0, -165]</P>
      <P Name="Dst">75#in:1</P>
    </Branch>
  </Line>
  <Line>
    <P Name="ZOrder">4</P>
    <P Name="Src">6#out:1</P>
    <P Name="Dst">74#in:1</P>
  </Line>
  <Line>
    <P Name="ZOrder">5</P>
    <P Name="Src">72#out:1</P>
    <P Name="Dst">78#in:1</P>
  </Line>
  <Line>
    <P Name="ZOrder">6</P>
    <P Name="Src">3#out:1</P>
    <P Name="Dst">73#in:2</P>
  </Line>
  <Line>
    <P Name="ZOrder">7</P>
    <P Name="Src">4#out:1</P>
    <P Name="Dst">73#in:1</P>
  </Line>
  <Line>
    <P Name="ZOrder">8</P>
    <P Name="Src">74#out:1</P>
    <P Name="Dst">3#in:1</P>
  </Line>
  <Line>
    <P Name="ZOrder">9</P>
    <P Name="Src">1#out:1</P>
    <P Name="Points">[60, 0]</P>
    <P Name="Dst">4#in:1</P>
  </Line>
  <Line>
    <P Name="ZOrder">12</P>
    <P Name="Src">7#out:2</P>
    <P Name="Points">[53, 0]</P>
    <Branch>
      <P Name="ZOrder">11</P>
      <P Name="Points">[92, 0]</P>
      <P Name="Dst">76#in:1</P>
    </Branch>
    <Branch>
      <P Name="ZOrder">10</P>
      <P Name="Points">[0, 181; -798, 0]</P>
      <P Name="Dst">74#in:2</P>
    </Branch>
  </Line>
  <Line>
    <P Name="ZOrder">13</P>
    <P Name="Src">73#out:1</P>
    <P Name="Points">[20, 0]</P>
    <P Name="Dst">72#in:1</P>
  </Line>
  <Line>
    <P Name="ZOrder">18</P>
    <P Name="Src">7#out:1</P>
    <P Name="Points">[29, 0]</P>
    <Branch>
      <P Name="ZOrder">17</P>
      <P Name="Points">[31, 0]</P>
      <Branch>
        <P Name="ZOrder">16</P>
        <P Name="Points">[0, -95]</P>
        <P Name="Dst">77#in:1</P>
      </Branch>
      <Branch>
        <P Name="ZOrder">15</P>
        <P Name="Points">[0, 80]</P>
        <P Name="Dst">5#in:1</P>
      </Branch>
    </Branch>
    <Branch>
      <P Name="ZOrder">14</P>
      <P Name="Points">[0, 68; -454, 0; 0, -43]</P>
      <P Name="Dst">72#in:2</P>
    </Branch>
  </Line>
</System>
