<?xml version="1.0" encoding="UTF-8" standalone="yes" ?>
<cp:coreProperties xmlns:cp="http://schemas.openxmlformats.org/package/2006/metadata/core-properties" xmlns:dc="http://purl.org/dc/elements/1.1/" xmlns:dcmitype="http://purl.org/dc/dcmitype/" xmlns:dcterms="http://purl.org/dc/terms/" xmlns:xsi="http://www.w3.org/2001/XMLSchema-instance">
  <cp:category>model</cp:category>
  <dcterms:created xsi:type="dcterms:W3CDTF">2023-06-22T16:27:01Z</dcterms:created>
  <dc:creator>X1</dc:creator>
  <cp:lastModifiedBy>X1</cp:lastModifiedBy>
  <dcterms:modified xsi:type="dcterms:W3CDTF">2023-06-22T16:43:26Z</dcterms:modified>
  <cp:revision>1.2</cp:revision>
  <cp:version>R2022b</cp:version>
</cp:coreProperties>
