<?xml version="1.0" encoding="utf-8"?>
<System>
  <P Name="Location">[-8, -8, 1928, 1048]</P>
  <P Name="Open">on</P>
  <P Name="SetExecutionDomain">off</P>
  <P Name="ExecutionDomainType">Deduce</P>
  <P Name="ReportName">simulink-default.rpt</P>
  <P Name="SIDHighWatermark">49</P>
  <P Name="SimulinkSubDomain">Simulink</P>
  <Block BlockType="Abs" Name="Abs" SID="23">
    <P Name="Position">[910, 670, 940, 700]</P>
    <P Name="ZOrder">27</P>
    <P Name="SaturateOnIntegerOverflow">off</P>
  </Block>
  <Block BlockType="Reference" Name="Analog Output" SID="9">
    <P Name="Ports">[1]</P>
    <P Name="Position">[1625, 575, 1680, 615]</P>
    <P Name="ZOrder">9</P>
    <P Name="AttributesFormatString">National Instruments\nPCI-6221 [auto]</P>
    <P Name="LibraryVersion">1.242</P>
    <P Name="SourceBlock">sldrtlib/Analog Output</P>
    <P Name="SourceType">Simulink Desktop Real-Time Analog Output</P>
    <P Name="SourceProductBaseCode">WT</P>
    <InstanceData>
      <P Name="MultiThreadCoSim">auto</P>
      <P Name="SampleTime">0.001</P>
      <P Name="MaxMissedTicks">10</P>
      <P Name="ShowMissedTicks">off</P>
      <P Name="YieldWhenWaiting">off</P>
      <P Name="DrvName">National_Instruments/PCI-6221</P>
      <P Name="DrvAddress">4294967295</P>
      <P Name="DrvOptions">[0 0 0 2 2]</P>
      <P Name="Channels">[2]</P>
      <P Name="RangeMode">1</P>
      <P Name="VoltRange">1</P>
      <P Name="InitialValue">0</P>
      <P Name="FinalValue">0</P>
    </InstanceData>
  </Block>
  <Block BlockType="Constant" Name="Constant" SID="34">
    <P Name="Position">[395, 505, 425, 535]</P>
    <P Name="ZOrder">38</P>
    <P Name="Value">0</P>
  </Block>
  <Block BlockType="Constant" Name="Constant1" SID="24">
    <P Name="Position">[910, 725, 940, 755]</P>
    <P Name="ZOrder">28</P>
    <P Name="Value">90</P>
  </Block>
  <Block BlockType="Constant" Name="Constant2" SID="36">
    <P Name="Position">[665, 425, 695, 455]</P>
    <P Name="ZOrder">40</P>
    <P Name="Value">0</P>
  </Block>
  <Block BlockType="Constant" Name="Constant3" SID="40">
    <P Name="Position">[1165, 380, 1195, 410]</P>
    <P Name="ZOrder">43</P>
    <P Name="Value">2</P>
  </Block>
  <Block BlockType="Constant" Name="Constant4" SID="42">
    <P Name="Position">[1255, 355, 1285, 385]</P>
    <P Name="ZOrder">45</P>
    <P Name="Value">0</P>
  </Block>
  <Block BlockType="DataTypeConversion" Name="Data Type Conversion" SID="26">
    <P Name="Position">[1055, 693, 1130, 727]</P>
    <P Name="ZOrder">30</P>
    <P Name="RndMeth">Floor</P>
    <P Name="SaturateOnIntegerOverflow">off</P>
  </Block>
  <Block BlockType="Display" Name="Display" SID="6">
    <P Name="Ports">[1]</P>
    <P Name="Position">[945, 775, 1035, 805]</P>
    <P Name="ZOrder">6</P>
    <P Name="BlockMirror">on</P>
    <P Name="Decimation">1</P>
  </Block>
  <Block BlockType="Reference" Name="Encoder Input" SID="1">
    <P Name="Ports">[0, 1]</P>
    <P Name="Position">[1245, 760, 1300, 800]</P>
    <P Name="ZOrder">1</P>
    <P Name="BlockMirror">on</P>
    <P Name="AttributesFormatString">National Instruments\nPCI-6221 [auto]</P>
    <P Name="LibraryVersion">1.242</P>
    <P Name="SourceBlock">sldrtlib/Encoder Input</P>
    <P Name="SourceType">Simulink Desktop Real-Time Encoder Input</P>
    <P Name="SourceProductBaseCode">WT</P>
    <InstanceData>
      <P Name="MultiThreadCoSim">auto</P>
      <P Name="SampleTime">0.001</P>
      <P Name="MaxMissedTicks">10</P>
      <P Name="ShowMissedTicks">off</P>
      <P Name="YieldWhenWaiting">off</P>
      <P Name="DrvName">National_Instruments/PCI-6221</P>
      <P Name="DrvAddress">4294967295</P>
      <P Name="DrvOptions">[0 0 0 2 2]</P>
      <P Name="Channels">[1]</P>
      <P Name="QuadMode">3</P>
      <P Name="IndexPulse">1</P>
      <P Name="InputFilter">Inf</P>
      <P Name="DataType">1</P>
    </InstanceData>
  </Block>
  <Block BlockType="Reference" Name="Encoder Input1" SID="44">
    <P Name="Ports">[0, 1]</P>
    <P Name="Position">[1200, 900, 1255, 940]</P>
    <P Name="ZOrder">46</P>
    <P Name="AttributesFormatString">National Instruments\nPCI-6221 [auto]</P>
    <P Name="LibraryVersion">1.242</P>
    <P Name="SourceBlock">sldrtlib/Encoder Input</P>
    <P Name="SourceType">Simulink Desktop Real-Time Encoder Input</P>
    <P Name="SourceProductBaseCode">WT</P>
    <InstanceData>
      <P Name="MultiThreadCoSim">auto</P>
      <P Name="SampleTime">0.001</P>
      <P Name="MaxMissedTicks">10</P>
      <P Name="ShowMissedTicks">off</P>
      <P Name="YieldWhenWaiting">off</P>
      <P Name="DrvName">National_Instruments/PCI-6221</P>
      <P Name="DrvAddress">4294967295</P>
      <P Name="DrvOptions">[0 0 0 2 2]</P>
      <P Name="Channels">[2]</P>
      <P Name="QuadMode">3</P>
      <P Name="IndexPulse">1</P>
      <P Name="InputFilter">Inf</P>
      <P Name="DataType">1</P>
    </InstanceData>
  </Block>
  <Block BlockType="Gain" Name="Gain" SID="13">
    <P Name="Position">[1545, 580, 1575, 610]</P>
    <P Name="ZOrder">13</P>
    <P Name="Gain">10</P>
  </Block>
  <Block BlockType="Gain" Name="Gain Arm" SID="3">
    <P Name="Position">[1085, 751, 1145, 809]</P>
    <P Name="ZOrder">3</P>
    <P Name="BlockMirror">on</P>
    <P Name="Gain">360/9000</P>
  </Block>
  <Block BlockType="Gain" Name="Gain Pendulum" SID="45">
    <P Name="Position">[1350, 892, 1420, 948]</P>
    <P Name="ZOrder">47</P>
    <P Name="Gain">360/2000</P>
  </Block>
  <Block BlockType="Gain" Name="Gain1" SID="20">
    <P Name="Position">[855, 505, 885, 535]</P>
    <P Name="ZOrder">24</P>
  </Block>
  <Block BlockType="Gain" Name="Gain2" SID="37">
    <P Name="Position">[1020, 317, 1075, 353]</P>
    <P Name="ZOrder">41</P>
    <P Name="Gain">0.025</P>
  </Block>
  <Block BlockType="MultiPortSwitch" Name="Multiport&#xA;Switch" SID="38">
    <P Name="Ports">[4, 1]</P>
    <P Name="Position">[1185, 461, 1220, 514]</P>
    <P Name="ZOrder">42</P>
    <P Name="InputSameDT">off</P>
    <P Name="SaturateOnIntegerOverflow">off</P>
  </Block>
  <Block BlockType="Product" Name="Product" SID="22">
    <P Name="Ports">[2, 1]</P>
    <P Name="Position">[1340, 576, 1370, 609]</P>
    <P Name="ZOrder">26</P>
  </Block>
  <Block BlockType="RelationalOperator" Name="Relational&#xA;Operator" SID="25">
    <P Name="Ports">[2, 1]</P>
    <P Name="Position">[985, 692, 1015, 723]</P>
    <P Name="ZOrder">29</P>
    <P Name="Operator">&lt;</P>
    <P Name="InputSameDT">off</P>
    <P Name="OutDataTypeStr">boolean</P>
    <P Name="RndMeth">Simplest</P>
  </Block>
  <Block BlockType="Saturate" Name="Saturation" SID="11">
    <P Name="Position">[1440, 577, 1475, 613]</P>
    <P Name="ZOrder">11</P>
    <P Name="UpperLimit">1</P>
    <P Name="LowerLimit">-1</P>
  </Block>
  <Block BlockType="Sin" Name="Sine Wave" SID="49">
    <P Name="Ports">[0, 1]</P>
    <P Name="Position">[395, 400, 425, 430]</P>
    <P Name="ZOrder">52</P>
    <P Name="Amplitude">20</P>
    <P Name="Frequency">pi</P>
    <P Name="SampleTime">0</P>
  </Block>
  <Block BlockType="Sum" Name="Sum" SID="19">
    <P Name="Ports">[2, 1]</P>
    <P Name="Position">[790, 505, 820, 535]</P>
    <P Name="ZOrder">23</P>
    <P Name="Inputs">|+-</P>
  </Block>
  <Block BlockType="Sum" Name="Sum1" SID="35">
    <P Name="Ports">[2, 1]</P>
    <P Name="Position">[710, 510, 730, 530]</P>
    <P Name="ZOrder">39</P>
    <P Name="Inputs">++|</P>
  </Block>
  <Block BlockType="Sum" Name="Sum2" SID="41">
    <P Name="Ports">[2, 1]</P>
    <P Name="Position">[1255, 475, 1285, 505]</P>
    <P Name="ZOrder">44</P>
    <P Name="Inputs">++|</P>
  </Block>
  <Block BlockType="TransferFcn" Name="Transfer Fcn" SID="12">
    <P Name="Position">[555, 487, 655, 553]</P>
    <P Name="ZOrder">12</P>
    <P Name="Numerator">[900]</P>
    <P Name="Denominator">[1 48 900]</P>
  </Block>
  <Block BlockType="TransferFcn" Name="Transfer Fcn1" SID="29">
    <P Name="Position">[955, 436, 1115, 494]</P>
    <P Name="ZOrder">33</P>
    <P Name="Numerator">[0.4048 2.814 2.738]</P>
    <P Name="Denominator">[10 236.8 0]</P>
  </Block>
  <Block BlockType="TransferFcn" Name="Transfer Fcn4" SID="30">
    <P Name="Position">[955, 543, 1120, 597]</P>
    <P Name="ZOrder">34</P>
    <P Name="Numerator">[1.305 14.01 22.81]</P>
    <P Name="Denominator">[10 458 0]</P>
  </Block>
  <Block BlockType="Scope" Name="delta_yr" SID="17">
    <P Name="Ports">[1]</P>
    <P Name="Position">[545, 574, 575, 606]</P>
    <P Name="ZOrder">17</P>
    <P Name="ScopeSpecificationString">Simulink.scopes.TimeScopeBlockCfg(&apos;CurrentConfiguration&apos;, extmgr.ConfigurationSet(extmgr.Configuration(&apos;Core&apos;,&apos;General UI&apos;,true),extmgr.Configuration(&apos;Core&apos;,&apos;Source UI&apos;,true),extmgr.Configuration(&apos;Sources&apos;,&apos;WiredSimulink&apos;,true,&apos;DataLoggingVariableName&apos;,&apos;delta_yr&apos;,&apos;DataLogging&apos;,true,&apos;DataLoggingSaveFormat&apos;,&apos;StructureWithTime&apos;),extmgr.Configuration(&apos;Visuals&apos;,&apos;Time Domain&apos;,true,&apos;SerializedDisplays&apos;,{struct(&apos;MinYLimReal&apos;,&apos;-30.00000&apos;,&apos;MaxYLimReal&apos;,&apos;30.00000&apos;,&apos;YLabelReal&apos;,&apos;&apos;,&apos;MinYLimMag&apos;,&apos;0.00000&apos;,&apos;MaxYLimMag&apos;,&apos;1.00000&apos;,&apos;LegendVisibility&apos;,&apos;Off&apos;,&apos;XGrid&apos;,true,&apos;YGrid&apos;,true,&apos;PlotMagPhase&apos;,false,&apos;AxesColor&apos;,[0 0 0],&apos;AxesTickColor&apos;,[0.686274509803922 0.686274509803922 0.686274509803922],&apos;ColorOrder&apos;,[1 1 0.0666666666666667;0.0745098039215686 0.623529411764706 1;1 0.411764705882353 0.16078431372549;0.392156862745098 0.831372549019608 0.0745098039215686;0.717647058823529 0.274509803921569 1;0.0588235294117647 1 1;1 0.0745098039215686 0.650980392156863],&apos;Title&apos;,&apos;%&lt;SignalLabel&gt;&apos;,&apos;LinePropertiesCache&apos;,{{}},&apos;UserDefinedChannelNames&apos;,{{}},&apos;NumLines&apos;,1,&apos;LineNames&apos;,{{&apos;Sine Wave&apos;}},&apos;ShowContent&apos;,true,&apos;Placement&apos;,1)},&apos;TimeUnits&apos;,&apos;seconds&apos;,&apos;DisplayPropertyDefaults&apos;,struct(&apos;MinYLimReal&apos;,&apos;-30.00000&apos;,&apos;MaxYLimReal&apos;,&apos;30.00000&apos;,&apos;YLabelReal&apos;,&apos;&apos;,&apos;MinYLimMag&apos;,&apos;0.00000&apos;,&apos;MaxYLimMag&apos;,&apos;1.00000&apos;,&apos;LegendVisibility&apos;,&apos;Off&apos;,&apos;XGrid&apos;,true,&apos;YGrid&apos;,true,&apos;PlotMagPhase&apos;,false,&apos;AxesColor&apos;,[0 0 0],&apos;AxesTickColor&apos;,[0.686274509803922 0.686274509803922 0.686274509803922],&apos;ColorOrder&apos;,[0.0745098039215686 0.623529411764706 1;1 0.411764705882353 0.16078431372549;1 1 0.0666666666666667;0.717647058823529 0.274509803921569 1;0.392156862745098 0.831372549019608 0.0745098039215686;0.0588235294117647 1 1;1 0.0745098039215686 0.650980392156863]),&apos;TimeRangeSamples&apos;,&apos;60&apos;,&apos;TimeRangeFrames&apos;,&apos;60&apos;),extmgr.Configuration(&apos;Tools&apos;,&apos;Plot Navigation&apos;,true,&apos;OnceAtStop&apos;,false,&apos;PreviousZoomMode&apos;,&apos;Pan&apos;,&apos;PreviousAutoscale&apos;,&apos;XY&apos;),extmgr.Configuration(&apos;Tools&apos;,&apos;Measurements&apos;,true,&apos;Version&apos;,&apos;2020a&apos;)),&apos;Version&apos;,&apos;2020a&apos;,&apos;Position&apos;,[495 313 851 447],&apos;OpenAtMdlStart&apos;,true)</P>
    <P Name="NumInputPorts">1</P>
    <P Name="Floating">off</P>
  </Block>
  <Block BlockType="Scope" Name="scope2" SID="18">
    <P Name="Ports">[1]</P>
    <P Name="Position">[815, 409, 845, 441]</P>
    <P Name="ZOrder">18</P>
    <P Name="ScopeSpecificationString">Simulink.scopes.TimeScopeBlockCfg(&apos;CurrentConfiguration&apos;, extmgr.ConfigurationSet(extmgr.Configuration(&apos;Core&apos;,&apos;General UI&apos;,true),extmgr.Configuration(&apos;Core&apos;,&apos;Source UI&apos;,true),extmgr.Configuration(&apos;Sources&apos;,&apos;WiredSimulink&apos;,true,&apos;DataLoggingVariableName&apos;,&apos;Fr&apos;,&apos;DataLogging&apos;,true,&apos;DataLoggingSaveFormat&apos;,&apos;StructureWithTime&apos;),extmgr.Configuration(&apos;Visuals&apos;,&apos;Time Domain&apos;,true,&apos;SerializedDisplays&apos;,{struct(&apos;MinYLimReal&apos;,&apos;-35&apos;,&apos;MaxYLimReal&apos;,&apos;35&apos;,&apos;YLabelReal&apos;,&apos;&apos;,&apos;MinYLimMag&apos;,&apos;0&apos;,&apos;MaxYLimMag&apos;,&apos;10&apos;,&apos;LegendVisibility&apos;,&apos;Off&apos;,&apos;XGrid&apos;,true,&apos;YGrid&apos;,true,&apos;PlotMagPhase&apos;,false,&apos;AxesColor&apos;,[0 0 0],&apos;AxesTickColor&apos;,[0.686274509803922 0.686274509803922 0.686274509803922],&apos;ColorOrder&apos;,[1 1 0.0666666666666667;0.0745098039215686 0.623529411764706 1;1 0.411764705882353 0.16078431372549;0.392156862745098 0.831372549019608 0.0745098039215686;0.717647058823529 0.274509803921569 1;0.0588235294117647 1 1;1 0.0745098039215686 0.650980392156863],&apos;Title&apos;,&apos;%&lt;SignalLabel&gt;&apos;,&apos;LinePropertiesCache&apos;,{{}},&apos;UserDefinedChannelNames&apos;,{{}},&apos;NumLines&apos;,1,&apos;LineNames&apos;,{{&apos;Sum1&apos;}},&apos;ShowContent&apos;,true,&apos;Placement&apos;,1)},&apos;TimeUnits&apos;,&apos;seconds&apos;,&apos;DisplayPropertyDefaults&apos;,struct(&apos;MinYLimReal&apos;,&apos;-35&apos;,&apos;MaxYLimReal&apos;,&apos;35&apos;,&apos;YLabelReal&apos;,&apos;&apos;,&apos;MinYLimMag&apos;,&apos;0&apos;,&apos;MaxYLimMag&apos;,&apos;10&apos;,&apos;LegendVisibility&apos;,&apos;Off&apos;,&apos;XGrid&apos;,true,&apos;YGrid&apos;,true,&apos;PlotMagPhase&apos;,false,&apos;AxesColor&apos;,[0 0 0],&apos;AxesTickColor&apos;,[0.686274509803922 0.686274509803922 0.686274509803922],&apos;ColorOrder&apos;,[0.0745098039215686 0.623529411764706 1;1 0.411764705882353 0.16078431372549;1 1 0.0666666666666667;0.717647058823529 0.274509803921569 1;0.392156862745098 0.831372549019608 0.0745098039215686;0.0588235294117647 1 1;1 0.0745098039215686 0.650980392156863]),&apos;TimeRangeSamples&apos;,&apos;60&apos;,&apos;TimeRangeFrames&apos;,&apos;60&apos;),extmgr.Configuration(&apos;Tools&apos;,&apos;Plot Navigation&apos;,true,&apos;OnceAtStop&apos;,false),extmgr.Configuration(&apos;Tools&apos;,&apos;Measurements&apos;,true,&apos;Version&apos;,&apos;2020a&apos;)),&apos;Version&apos;,&apos;2020a&apos;,&apos;Position&apos;,[1055 751 854 245],&apos;OpenAtMdlStart&apos;,true)</P>
    <P Name="NumInputPorts">1</P>
    <P Name="Floating">off</P>
  </Block>
  <Block BlockType="Display" Name="t" SID="43">
    <P Name="Ports">[1]</P>
    <P Name="Position">[1465, 905, 1505, 935]</P>
    <P Name="ZOrder">48</P>
    <P Name="Decimation">1</P>
  </Block>
  <Block BlockType="Scope" Name="theta_deg" SID="46">
    <P Name="Ports">[1]</P>
    <P Name="Position">[1475, 824, 1505, 856]</P>
    <P Name="ZOrder">49</P>
    <P Name="ScopeSpecificationString">Simulink.scopes.TimeScopeBlockCfg(&apos;CurrentConfiguration&apos;, extmgr.ConfigurationSet(extmgr.Configuration(&apos;Core&apos;,&apos;General UI&apos;,true),extmgr.Configuration(&apos;Core&apos;,&apos;Source UI&apos;,true),extmgr.Configuration(&apos;Sources&apos;,&apos;WiredSimulink&apos;,true,&apos;DataLoggingVariableName&apos;,&apos;theta_deg&apos;,&apos;DataLogging&apos;,true),extmgr.Configuration(&apos;Visuals&apos;,&apos;Time Domain&apos;,true,&apos;SerializedDisplays&apos;,{struct(&apos;MinYLimReal&apos;,&apos;-1.00000&apos;,&apos;MaxYLimReal&apos;,&apos;1.00000&apos;,&apos;YLabelReal&apos;,&apos;&apos;,&apos;MinYLimMag&apos;,&apos;0.00000&apos;,&apos;MaxYLimMag&apos;,&apos;1.00000&apos;,&apos;LegendVisibility&apos;,&apos;Off&apos;,&apos;XGrid&apos;,true,&apos;YGrid&apos;,true,&apos;PlotMagPhase&apos;,false,&apos;AxesColor&apos;,[0 0 0],&apos;AxesTickColor&apos;,[0.686274509803922 0.686274509803922 0.686274509803922],&apos;ColorOrder&apos;,[1 1 0.0666666666666667;0.0745098039215686 0.623529411764706 1;1 0.411764705882353 0.16078431372549;0.392156862745098 0.831372549019608 0.0745098039215686;0.717647058823529 0.274509803921569 1;0.0588235294117647 1 1;1 0.0745098039215686 0.650980392156863],&apos;Title&apos;,&apos;%&lt;SignalLabel&gt;&apos;,&apos;LinePropertiesCache&apos;,{{}},&apos;UserDefinedChannelNames&apos;,{{}},&apos;NumLines&apos;,1,&apos;LineNames&apos;,{{&apos;Gain Pendulum&apos;}},&apos;ShowContent&apos;,true,&apos;Placement&apos;,1)},&apos;DisplayPropertyDefaults&apos;,struct(&apos;MinYLimReal&apos;,&apos;-1.00000&apos;,&apos;MaxYLimReal&apos;,&apos;1.00000&apos;,&apos;YLabelReal&apos;,&apos;&apos;,&apos;MinYLimMag&apos;,&apos;0.00000&apos;,&apos;MaxYLimMag&apos;,&apos;1.00000&apos;,&apos;LegendVisibility&apos;,&apos;Off&apos;,&apos;XGrid&apos;,true,&apos;YGrid&apos;,true,&apos;PlotMagPhase&apos;,false,&apos;AxesColor&apos;,[0 0 0],&apos;AxesTickColor&apos;,[0.686274509803922 0.686274509803922 0.686274509803922],&apos;ColorOrder&apos;,[0.0745098039215686 0.623529411764706 1;1 0.411764705882353 0.16078431372549;1 1 0.0666666666666667;0.717647058823529 0.274509803921569 1;0.392156862745098 0.831372549019608 0.0745098039215686;0.0588235294117647 1 1;1 0.0745098039215686 0.650980392156863]),&apos;TimeRangeSamples&apos;,&apos;60&apos;,&apos;TimeRangeFrames&apos;,&apos;60&apos;),extmgr.Configuration(&apos;Tools&apos;,&apos;Plot Navigation&apos;,true),extmgr.Configuration(&apos;Tools&apos;,&apos;Measurements&apos;,true,&apos;Version&apos;,&apos;2020a&apos;)),&apos;Version&apos;,&apos;2020a&apos;,&apos;Position&apos;,[1266 -2 560 420],&apos;OpenAtMdlStart&apos;,true)</P>
    <P Name="NumInputPorts">1</P>
    <P Name="Floating">off</P>
  </Block>
  <Block BlockType="Scope" Name="u" SID="27">
    <P Name="Ports">[1]</P>
    <P Name="Position">[1395, 444, 1425, 476]</P>
    <P Name="ZOrder">31</P>
    <P Name="ScopeSpecificationString">Simulink.scopes.TimeScopeBlockCfg(&apos;CurrentConfiguration&apos;, extmgr.ConfigurationSet(extmgr.Configuration(&apos;Core&apos;,&apos;General UI&apos;,true),extmgr.Configuration(&apos;Core&apos;,&apos;Source UI&apos;,true),extmgr.Configuration(&apos;Sources&apos;,&apos;WiredSimulink&apos;,true,&apos;DataLoggingVariableName&apos;,&apos;u&apos;,&apos;DataLogging&apos;,true),extmgr.Configuration(&apos;Visuals&apos;,&apos;Time Domain&apos;,true,&apos;SerializedDisplays&apos;,{struct(&apos;MinYLimReal&apos;,&apos;-1.5&apos;,&apos;MaxYLimReal&apos;,&apos;1.5&apos;,&apos;YLabelReal&apos;,&apos;&apos;,&apos;MinYLimMag&apos;,&apos;0&apos;,&apos;MaxYLimMag&apos;,&apos;10&apos;,&apos;LegendVisibility&apos;,&apos;Off&apos;,&apos;XGrid&apos;,true,&apos;YGrid&apos;,true,&apos;PlotMagPhase&apos;,false,&apos;AxesColor&apos;,[0 0 0],&apos;AxesTickColor&apos;,[0.686274509803922 0.686274509803922 0.686274509803922],&apos;ColorOrder&apos;,[1 1 0.0666666666666667;0.0745098039215686 0.623529411764706 1;1 0.411764705882353 0.16078431372549;0.392156862745098 0.831372549019608 0.0745098039215686;0.717647058823529 0.274509803921569 1;0.0588235294117647 1 1;1 0.0745098039215686 0.650980392156863],&apos;Title&apos;,&apos;%&lt;SignalLabel&gt;&apos;,&apos;LinePropertiesCache&apos;,{{}},&apos;UserDefinedChannelNames&apos;,{{}},&apos;NumLines&apos;,1,&apos;LineNames&apos;,{{&apos;Sum2&apos;}},&apos;ShowContent&apos;,true,&apos;Placement&apos;,1)},&apos;DisplayPropertyDefaults&apos;,struct(&apos;MinYLimReal&apos;,&apos;-1.5&apos;,&apos;MaxYLimReal&apos;,&apos;1.5&apos;,&apos;YLabelReal&apos;,&apos;&apos;,&apos;MinYLimMag&apos;,&apos;0&apos;,&apos;MaxYLimMag&apos;,&apos;10&apos;,&apos;LegendVisibility&apos;,&apos;Off&apos;,&apos;XGrid&apos;,true,&apos;YGrid&apos;,true,&apos;PlotMagPhase&apos;,false,&apos;AxesColor&apos;,[0 0 0],&apos;AxesTickColor&apos;,[0.686274509803922 0.686274509803922 0.686274509803922],&apos;ColorOrder&apos;,[0.0745098039215686 0.623529411764706 1;1 0.411764705882353 0.16078431372549;1 1 0.0666666666666667;0.717647058823529 0.274509803921569 1;0.392156862745098 0.831372549019608 0.0745098039215686;0.0588235294117647 1 1;1 0.0745098039215686 0.650980392156863]),&apos;TimeRangeSamples&apos;,&apos;60&apos;,&apos;TimeRangeFrames&apos;,&apos;60&apos;),extmgr.Configuration(&apos;Tools&apos;,&apos;Plot Navigation&apos;,true,&apos;OnceAtStop&apos;,false),extmgr.Configuration(&apos;Tools&apos;,&apos;Measurements&apos;,true,&apos;Version&apos;,&apos;2020a&apos;)),&apos;Version&apos;,&apos;2020a&apos;,&apos;Position&apos;,[471 11 770 277],&apos;OpenAtMdlStart&apos;,true)</P>
    <P Name="NumInputPorts">1</P>
    <P Name="Floating">off</P>
  </Block>
  <Block BlockType="Scope" Name="ydeg" SID="28">
    <P Name="Ports">[1]</P>
    <P Name="Position">[1370, 719, 1400, 751]</P>
    <P Name="ZOrder">32</P>
    <P Name="ScopeSpecificationString">Simulink.scopes.TimeScopeBlockCfg(&apos;CurrentConfiguration&apos;, extmgr.ConfigurationSet(extmgr.Configuration(&apos;Core&apos;,&apos;General UI&apos;,true),extmgr.Configuration(&apos;Core&apos;,&apos;Source UI&apos;,true),extmgr.Configuration(&apos;Sources&apos;,&apos;WiredSimulink&apos;,true,&apos;DataLoggingVariableName&apos;,&apos;y_deg&apos;,&apos;DataLogging&apos;,true),extmgr.Configuration(&apos;Visuals&apos;,&apos;Time Domain&apos;,true,&apos;SerializedDisplays&apos;,{struct(&apos;MinYLimReal&apos;,&apos;-80&apos;,&apos;MaxYLimReal&apos;,&apos;80&apos;,&apos;YLabelReal&apos;,&apos;&apos;,&apos;MinYLimMag&apos;,&apos;0&apos;,&apos;MaxYLimMag&apos;,&apos;10&apos;,&apos;LegendVisibility&apos;,&apos;Off&apos;,&apos;XGrid&apos;,true,&apos;YGrid&apos;,true,&apos;PlotMagPhase&apos;,false,&apos;AxesColor&apos;,[0 0 0],&apos;AxesTickColor&apos;,[0.686274509803922 0.686274509803922 0.686274509803922],&apos;ColorOrder&apos;,[1 1 0.0666666666666667;0.0745098039215686 0.623529411764706 1;1 0.411764705882353 0.16078431372549;0.392156862745098 0.831372549019608 0.0745098039215686;0.717647058823529 0.274509803921569 1;0.0588235294117647 1 1;1 0.0745098039215686 0.650980392156863],&apos;Title&apos;,&apos;%&lt;SignalLabel&gt;&apos;,&apos;LinePropertiesCache&apos;,{{}},&apos;UserDefinedChannelNames&apos;,{{}},&apos;NumLines&apos;,1,&apos;LineNames&apos;,{{&apos;Gain Arm&apos;}},&apos;ShowContent&apos;,true,&apos;Placement&apos;,1)},&apos;DisplayPropertyDefaults&apos;,struct(&apos;MinYLimReal&apos;,&apos;-80&apos;,&apos;MaxYLimReal&apos;,&apos;80&apos;,&apos;YLabelReal&apos;,&apos;&apos;,&apos;MinYLimMag&apos;,&apos;0&apos;,&apos;MaxYLimMag&apos;,&apos;10&apos;,&apos;LegendVisibility&apos;,&apos;Off&apos;,&apos;XGrid&apos;,true,&apos;YGrid&apos;,true,&apos;PlotMagPhase&apos;,false,&apos;AxesColor&apos;,[0 0 0],&apos;AxesTickColor&apos;,[0.686274509803922 0.686274509803922 0.686274509803922],&apos;ColorOrder&apos;,[0.0745098039215686 0.623529411764706 1;1 0.411764705882353 0.16078431372549;1 1 0.0666666666666667;0.717647058823529 0.274509803921569 1;0.392156862745098 0.831372549019608 0.0745098039215686;0.0588235294117647 1 1;1 0.0745098039215686 0.650980392156863]),&apos;TimeRangeSamples&apos;,&apos;60&apos;,&apos;TimeRangeFrames&apos;,&apos;60&apos;),extmgr.Configuration(&apos;Tools&apos;,&apos;Plot Navigation&apos;,true,&apos;OnceAtStop&apos;,false),extmgr.Configuration(&apos;Tools&apos;,&apos;Measurements&apos;,true,&apos;Version&apos;,&apos;2020a&apos;)),&apos;Version&apos;,&apos;2020a&apos;,&apos;Position&apos;,[1241 484 591 352],&apos;OpenAtMdlStart&apos;,true)</P>
    <P Name="NumInputPorts">1</P>
    <P Name="Floating">off</P>
  </Block>
  <Line>
    <P Name="ZOrder">1</P>
    <P Name="Src">1#out:1</P>
    <P Name="Dst">3#in:1</P>
  </Line>
  <Line>
    <P Name="ZOrder">5</P>
    <P Name="Src">3#out:1</P>
    <P Name="Points">[-4, 0]</P>
    <Branch>
      <P Name="ZOrder">64</P>
      <P Name="Points">[0, -45]</P>
      <P Name="Dst">28#in:1</P>
    </Branch>
    <Branch>
      <P Name="ZOrder">63</P>
      <P Name="Points">[-16, 0; 0, 10]</P>
      <Branch>
        <P Name="ZOrder">61</P>
        <P Name="Dst">6#in:1</P>
      </Branch>
      <Branch>
        <P Name="ZOrder">60</P>
        <P Name="Points">[0, 101; -200, 0; 0, -206]</P>
        <Branch>
          <P Name="ZOrder">50</P>
          <P Name="Dst">23#in:1</P>
        </Branch>
        <Branch>
          <P Name="ZOrder">49</P>
          <P Name="Points">[-55, 0]</P>
          <P Name="Dst">19#in:2</P>
        </Branch>
      </Branch>
    </Branch>
  </Line>
  <Line>
    <P Name="ZOrder">12</P>
    <P Name="Src">11#out:1</P>
    <P Name="Dst">13#in:1</P>
  </Line>
  <Line>
    <P Name="ZOrder">13</P>
    <P Name="Src">13#out:1</P>
    <P Name="Dst">9#in:1</P>
  </Line>
  <Line>
    <P Name="ZOrder">39</P>
    <P Name="Src">19#out:1</P>
    <P Name="Dst">20#in:1</P>
  </Line>
  <Line>
    <P Name="ZOrder">101</P>
    <P Name="Src">20#out:1</P>
    <P Name="Points">[34, 0]</P>
    <Branch>
      <P Name="ZOrder">104</P>
      <P Name="Points">[0, -55]</P>
      <Branch>
        <P Name="ZOrder">152</P>
        <P Name="Points">[0, -130]</P>
        <P Name="Dst">37#in:1</P>
      </Branch>
      <Branch>
        <P Name="ZOrder">141</P>
        <P Name="Dst">29#in:1</P>
      </Branch>
    </Branch>
    <Branch>
      <P Name="ZOrder">103</P>
      <P Name="Points">[0, 50]</P>
      <P Name="Dst">30#in:1</P>
    </Branch>
  </Line>
  <Line>
    <P Name="ZOrder">42</P>
    <P Name="Src">22#out:1</P>
    <P Name="Dst">11#in:1</P>
  </Line>
  <Line>
    <P Name="ZOrder">51</P>
    <P Name="Src">23#out:1</P>
    <P Name="Points">[13, 0; 0, 15]</P>
    <P Name="Dst">25#in:1</P>
  </Line>
  <Line>
    <P Name="ZOrder">52</P>
    <P Name="Src">24#out:1</P>
    <P Name="Points">[13, 0; 0, -25]</P>
    <P Name="Dst">25#in:2</P>
  </Line>
  <Line>
    <P Name="ZOrder">53</P>
    <P Name="Src">25#out:1</P>
    <P Name="Dst">26#in:1</P>
  </Line>
  <Line>
    <P Name="ZOrder">110</P>
    <P Name="Src">26#out:1</P>
    <P Name="Points">[100, 0; 0, -110]</P>
    <P Name="Dst">22#in:2</P>
  </Line>
  <Line>
    <P Name="ZOrder">138</P>
    <P Name="Src">12#out:1</P>
    <P Name="Dst">35#in:2</P>
  </Line>
  <Line>
    <P Name="ZOrder">139</P>
    <P Name="Src">35#out:1</P>
    <P Name="Points">[26, 0]</P>
    <Branch>
      <P Name="ZOrder">163</P>
      <P Name="Points">[0, -95]</P>
      <P Name="Dst">18#in:1</P>
    </Branch>
    <Branch>
      <P Name="ZOrder">162</P>
      <P Name="Dst">19#in:1</P>
    </Branch>
  </Line>
  <Line>
    <P Name="ZOrder">140</P>
    <P Name="Src">36#out:1</P>
    <P Name="Points">[20, 0]</P>
    <P Name="Dst">35#in:1</P>
  </Line>
  <Line>
    <P Name="ZOrder">146</P>
    <P Name="Src">37#out:1</P>
    <P Name="Points">[73, 0; 0, 145]</P>
    <P Name="Dst">38#in:2</P>
  </Line>
  <Line>
    <P Name="ZOrder">147</P>
    <P Name="Src">29#out:1</P>
    <P Name="Points">[22, 0; 0, 30]</P>
    <P Name="Dst">38#in:3</P>
  </Line>
  <Line>
    <P Name="ZOrder">148</P>
    <P Name="Src">30#out:1</P>
    <P Name="Points">[23, 0; 0, -60]</P>
    <P Name="Dst">38#in:4</P>
  </Line>
  <Line>
    <P Name="ZOrder">153</P>
    <P Name="Src">40#out:1</P>
    <P Name="Points">[24, 0; 0, 47; -55, 0; 0, 23]</P>
    <P Name="Dst">38#in:1</P>
  </Line>
  <Line>
    <P Name="ZOrder">156</P>
    <P Name="Src">38#out:1</P>
    <P Name="Dst">41#in:2</P>
  </Line>
  <Line>
    <P Name="ZOrder">157</P>
    <P Name="Src">41#out:1</P>
    <P Name="Points">[23, 0]</P>
    <Branch>
      <P Name="ZOrder">161</P>
      <P Name="Points">[0, 95]</P>
      <P Name="Dst">22#in:1</P>
    </Branch>
    <Branch>
      <P Name="ZOrder">160</P>
      <P Name="Points">[0, -30]</P>
      <P Name="Dst">27#in:1</P>
    </Branch>
  </Line>
  <Line>
    <P Name="ZOrder">158</P>
    <P Name="Src">42#out:1</P>
    <P Name="Points">[19, 0; 0, 45; -39, 0]</P>
    <P Name="Dst">41#in:1</P>
  </Line>
  <Line>
    <P Name="ZOrder">164</P>
    <P Name="Src">44#out:1</P>
    <P Name="Dst">45#in:1</P>
  </Line>
  <Line>
    <P Name="ZOrder">165</P>
    <P Name="Src">45#out:1</P>
    <P Name="Points">[9, 0]</P>
    <Branch>
      <P Name="ZOrder">167</P>
      <P Name="Points">[0, -80]</P>
      <P Name="Dst">46#in:1</P>
    </Branch>
    <Branch>
      <P Name="ZOrder">166</P>
      <P Name="Dst">43#in:1</P>
    </Branch>
  </Line>
  <Line>
    <P Name="ZOrder">171</P>
    <P Name="Src">49#out:1</P>
    <P Name="Points">[60, 0; 0, 105; 18, 0]</P>
    <Branch>
      <P Name="ZOrder">173</P>
      <P Name="Points">[0, 70]</P>
      <P Name="Dst">17#in:1</P>
    </Branch>
    <Branch>
      <P Name="ZOrder">172</P>
      <P Name="Dst">12#in:1</P>
    </Branch>
  </Line>
</System>
